{"_wandb":{"runtime":262},"MC_variance":0,"MC_bias":0,"state":21,"TD_bias":0.021672898828142714,"_runtime":262,"TD_variance":0.0001739923317052807,"_timestamp":1.7599002545042953e+09,"_step":1099}